2024-10-09 13:01:55,MIDDLE OF THE NIGHT,MONSTA X,166213
2024-10-09 13:03:33,daisy.,wave to earth,218500
2024-10-09 13:06:07,i need you more (feat. Suyo),Sweet The Kid,184251
2024-10-09 13:11:28,i need you more (feat. Suyo),Sweet The Kid,184251
2024-10-09 13:12:14,i need you more (feat. Suyo),Sweet The Kid,184251
2024-10-09 13:15:19,i need you more (feat. Suyo),Sweet The Kid,184251
2024-10-09 13:19:53,i need you more (feat. Suyo),Sweet The Kid,184251
2024-10-09 13:21:26,i need you more (feat. Suyo),Sweet The Kid,184251
2024-10-09 13:23:34,Tip Toe,HYBS,224725
2024-10-09 13:27:10,ANGOSTURA,keshi,171019
2024-10-09 13:30:00,blue salvia,PRYVT,197538
2024-10-09 13:33:20,the cutest pair,Regina Song,158400
2024-10-09 13:35:59,next door (feat. ASTN),Amelia Moore,208313
2024-10-09 13:45:39,Slowly,CLAUDIA,184054
2024-10-09 13:46:46,keep smiling,demxntia,132000
2024-10-09 13:48:59,take it slow,yedira,206048
2024-10-09 14:05:22,obsessed,thủy,185263
2024-10-09 14:05:47,keep smiling,demxntia,132000
2024-10-09 14:06:08,take it slow,yedira,206048
2024-10-09 14:06:23,obsessed,thủy,185263
2024-10-09 14:09:18,美,KIRE,144000
2024-10-09 14:09:54,ベテルギウス,Yuuri,230600
2024-10-09 14:25:03,trust me,sunkis,168936
2024-10-09 14:30:08,Out of the Blue,RINI,197580
2024-10-09 14:30:34,MIDDLE OF THE NIGHT,MONSTA X,166213
2024-10-09 14:33:19,i need you more (feat. Suyo),Sweet The Kid,184251
2024-10-09 14:36:23,daisy.,wave to earth,218500
2024-10-09 14:39:18,Tip Toe,HYBS,224725
2024-10-09 14:42:59,ANGOSTURA,keshi,171019
2024-10-09 14:45:49,blue salvia,PRYVT,197538
2024-10-09 14:49:09,next door (feat. ASTN),Amelia Moore,208313
2024-10-09 14:52:35,the cutest pair,Regina Song,158400
2024-10-09 14:55:14,Slowly,CLAUDIA,184054
2024-10-09 14:58:19,blue salvia,PRYVT,197538
2024-10-09 15:01:40,keep smiling,demxntia,132000
2024-10-09 15:03:53,美,KIRE,144000
2024-10-09 15:06:17,obsessed,thủy,185263
2024-10-09 15:09:22,ベテルギウス,Yuuri,230600
2024-10-09 15:13:14,if it's not you,PRYVT,226350
2024-10-09 15:17:00,take it slow,yedira,206048
2024-10-09 15:20:25,Out of the Blue,RINI,197580
2024-10-09 15:23:46,Top Tier,sunkis,172356
2024-10-09 15:26:35,i need you more (feat. Suyo),Sweet The Kid,184251
2024-10-09 15:29:20,trust me,sunkis,168936
2024-10-09 15:32:10,Strawberry Blossom,RINI,220534
2024-10-09 15:34:23,Don't Leave,Tom Frane,181800
2024-10-09 15:37:28,like you said you would,Roman Kayz,180533
2024-10-09 15:40:28,Senses,MICO,159887
2024-10-09 15:43:07,drivers license,Olivia Rodrigo,242013
2024-10-09 15:47:09,summer,raph,132483
2024-10-09 15:49:23,Miss You,AJ Mitchell,168770
2024-10-09 15:52:12,Glimpse of Us,Joji,233456
2024-10-09 15:56:08,Ghost Of You,5 Seconds of Summer,197411
2024-10-09 15:59:24,love me from a distance,Emily Vaughn,119205
2024-10-09 16:01:22,Two Truths And A Lie,ASTN,133440
2024-10-09 16:03:36,HOPELESS,raph,131402
2024-10-09 16:05:49,"tell me, will we survive?",PRYVT,194142
2024-10-09 16:09:05,castle in the sky,eaJ,176101
2024-10-09 16:11:59,do me right,brb.,178560
2024-10-09 16:14:59,"Angel Pt. 2 (feat. Jimin of BTS, Charlie Puth and Muni Long)",JVKE,176454
2024-10-09 16:17:59,Idontwannaknowyou!,MICO,160879
2024-10-09 16:20:38,You Were Beautiful,DAY6,283160
2024-10-09 16:25:21,Requiem,keshi,144526
2024-10-09 16:27:45,War,keshi,209031
2024-10-09 16:31:16,Dancing With Your Ghost,Sasha Alex Sloan,197732
2024-10-09 16:34:36,The One That Was Meant for Me,Johnny Huynh,192875
2024-10-09 16:37:47,How Soon,ASTN,190596
2024-10-09 16:41:02,Temporary Love,Keenan Te,163333
2024-10-09 16:43:42,Mean It,Lauv,232853
2024-10-09 16:47:38,Breathe (feat. Colbie Caillat) (Taylor’s Version),Taylor Swift,263377
2024-10-09 16:52:00,MUST BE NICE,Ruel,175920
2024-10-09 16:54:55,LET THE GRASS GROW,Ruel,175533
2024-10-09 16:57:55,Bodies,keshi,206237
2024-10-09 17:01:20,Without Me,Halsey,201660
2024-10-09 17:04:41,blue,keshi,180720
2024-10-09 17:07:41,fingers crossed,elijah woods,163090
2024-10-09 17:10:26,hero,starfall,184142
2024-10-09 17:13:31,Miracle,RINI,234840
2024-10-09 17:14:07,2 soon,keshi,206511
2024-10-09 17:17:33,Forgot About Us,Keenan Te,213674
2024-10-09 17:21:09,Dried Flowers(English ver.),Yuuri,285680
2024-10-09 17:25:57,mad,eaJ,177529
2024-10-09 17:28:51,Night,keshi,179906
2024-10-09 17:31:52,Oceans & Engines,NIKI,336000
2024-10-09 17:32:07,Little by Little,Tritonal,338360
2024-10-09 17:33:14,Salvation,Excision,249863
2024-10-09 17:37:20,Good Parts,Justin Caruso,182903
2024-10-09 17:40:25,Your Side Of The Bed,Loote,197146
2024-10-09 17:43:41,The Middle,Zedd,184732
2024-10-09 17:46:46,Remedy,William Black,220145
2024-10-09 17:50:28,Love Is Gone,SLANDER,256042
2024-10-09 17:54:45,Happy Now,Zedd,207029
2024-10-09 17:58:11,Good Things Fall Apart vs. Sad Songs (With Said The Sky feat. Annika Wells),ILLENIUM,366252
2024-10-09 18:04:22,I Wanna Know (feat. Bea Miller),NOTD,197938
2024-10-09 18:07:37,Remember - Maazel Remix,WE ARE FURY,174857
2024-10-09 18:10:32,Nightlight,ILLENIUM,222400
2024-10-09 18:14:18,AM:PM - YU-KA Version,NOTD,182950
2024-10-09 18:17:17,I'll Wait For You,Prince Woods,203360
2024-10-09 18:20:42,Lights (Covex and Last Heroes Remix),Dabin,235200
2024-10-09 18:24:38,Hope It Hurts,Dabin,258653
2024-10-09 18:29:01,Potions,SLANDER,215200
2024-10-09 18:35:23,Honest,NOTD,181516
2024-10-09 18:38:23,All You Need To Know (feat. Calle Lehmann),Gryffin,238337
2024-10-09 18:40:57,ZEZE (feat. Travis Scott & Offset),Kodak Black,228759
2024-10-09 18:44:44,3D (feat. Jack Harlow),Jung Kook,201812
2024-10-09 18:48:09,Ni**as In Paris,JAY-Z,219333
2024-10-09 18:51:45,redrum,21 Savage,270697
2024-10-09 18:56:18,hot girl bummer,blackbear,188343
2024-10-09 18:59:28,goosebumps,Travis Scott,243836
2024-10-09 19:03:30,MANIAC,Stray Kids,182757
2024-10-09 19:06:35,Rich Nigga Shit (feat. Young Thug),21 Savage,190331
2024-10-09 19:09:45,Standing Next to You,Jung Kook,206019
2024-10-09 19:13:11,Type Shit,Future,228266
2024-10-09 19:17:03,ball w/o you,21 Savage,195046
2024-10-09 19:20:18,GIRLS,The Kid LAROI,152979
2024-10-09 19:22:52,FE!N (feat. Playboi Carti),Travis Scott,191700
2024-10-09 19:25:12,Ric Flair Drip (with Metro Boomin),Offset,172800
2024-10-09 19:28:03,Pasadena,BABY GRAVY,157906
2024-10-09 19:30:42,Despicable G's,BABY GRAVY,162422
2024-10-09 19:33:21,Versace on the Floor,Bruno Mars,261240
2024-10-09 19:37:44,Mask Off,Future,204600
2024-10-09 19:41:10,God’s Menu,Stray Kids,167922
2024-10-09 19:44:00,"Bitch, Don’t Kill My Vibe",Kendrick Lamar,310720
2024-10-09 19:49:08,euphoria,Kendrick Lamar,383639
2024-10-09 19:55:33,I Like It,Stray Kids,148632
2024-10-09 19:58:02,KISS ME,DPR LIVE,278200
2024-10-09 20:02:39,Seven (feat. Latto) (Explicit Ver.),Jung Kook,183550
2024-10-09 20:05:44,SET YOURSELF ON FIRE,Ruel,171800
2024-10-09 20:08:38,Nightmare on Peachtree Street (feat. Freddie Dredd),BABY GRAVY,192989
2024-10-09 20:11:54,Backseat Freestyle,Kendrick Lamar,212653
2024-10-09 20:15:24,ROXANNE,Arizona Zervas,163636
2024-10-09 20:18:08,Like That,Future,267706
2024-10-09 20:22:36,Pure Water (with Migos),Mustard,192470
2024-10-09 20:25:52,Look At Me!,XXXTENTACION,126345
2024-10-09 20:27:55,I KNOW ?,Travis Scott,211582
2024-10-09 20:31:31,Space Cadet (feat. Gunna),Metro Boomin,203266
2024-10-09 20:34:51,LALALALA,Stray Kids,182224
2024-10-09 20:37:56,Super Smash Bros.,BABY GRAVY,153421
2024-10-09 20:40:30,COMFLEX,Stray Kids,172320
2024-10-09 20:43:20,Ice Attack,Future,199253
2024-10-09 20:46:40,CARNIVAL,¥$,264324
2024-10-09 20:51:08,a lot,21 Savage,288624
2024-10-09 20:55:56,Blueberry Faygo,Lil Mosey,162546
2024-10-09 20:58:41,Slide (feat. Frank Ocean & Migos),Calvin Harris,230813
2024-10-09 21:02:32,DNA.,Kendrick Lamar,185946
2024-10-09 21:05:37,20 Min,Lil Uzi Vert,220586
2024-10-09 21:09:18,Lose My Breath (Feat. Charlie Puth),Stray Kids,166913
2024-10-09 21:12:03,Cinderella,Future,169840
2024-10-09 21:14:58,No Way Jose,BABY GRAVY,169073
2024-10-09 21:17:47,10 Freaky Girls (with 21 Savage),Metro Boomin,208293
2024-10-09 21:21:13,It Even Rains In LA,LANY,215053
2024-10-09 21:24:48,GET IT,keshi,151301
2024-10-09 21:27:22,ZEZE (feat. Travis Scott & Offset),Kodak Black,228759
2024-10-09 21:31:09,3D (feat. Jack Harlow),Jung Kook,201812
2024-10-09 21:34:34,Ni**as In Paris,JAY-Z,219333
2024-10-09 21:38:11,redrum,21 Savage,270697
2024-10-09 21:42:43,hot girl bummer,blackbear,188343
2024-10-09 21:45:53,goosebumps,Travis Scott,243836
2024-10-09 21:50:00,MANIAC,Stray Kids,182757
2024-10-09 21:53:00,Rich Nigga Shit (feat. Young Thug),21 Savage,190331
2024-10-09 21:56:10,Standing Next to You,Jung Kook,206019
2024-10-09 21:59:40,Type Shit,Future,228266
2024-10-09 22:03:26,ball w/o you,21 Savage,195046
2024-10-09 22:06:42,GIRLS,The Kid LAROI,152979
2024-10-09 22:09:15,FE!N (feat. Playboi Carti),Travis Scott,191700
2024-10-09 22:12:26,Ric Flair Drip (with Metro Boomin),Offset,172800
2024-10-09 22:15:21,Pasadena,BABY GRAVY,157906
2024-10-09 22:18:00,Despicable G's,BABY GRAVY,162422
2024-10-09 22:20:44,Versace on the Floor,Bruno Mars,261240
2024-10-09 22:25:07,Mask Off,Future,204600
2024-10-09 22:28:27,God’s Menu,Stray Kids,167922
2024-10-09 22:31:17,"Bitch, Don’t Kill My Vibe",Kendrick Lamar,310720
2024-10-09 22:36:30,euphoria,Kendrick Lamar,383639
2024-10-09 22:42:56,I Like It,Stray Kids,148632
2024-10-09 22:45:24,KISS ME,DPR LIVE,278200
2024-10-09 22:48:24,Like I Do,J.Tajor,149142
2024-10-09 22:50:52,2 soon,keshi,206511
2024-10-09 22:54:17,B.Y.S.,keshi,165154
2024-10-09 23:15:44,Too Good to Say Goodbye,Bruno Mars,281826
2024-10-10 07:11:43,Too Good to Say Goodbye,Bruno Mars,281826
2024-10-10 07:14:31,Good Things Fall Apart (with Jon Bellion),ILLENIUM,216668
2024-10-10 14:42:20,Good Things Fall Apart (with Jon Bellion),ILLENIUM,216668
2024-10-10 14:43:08,Like That,keshi,180106
2024-10-10 14:46:07,All For You,sunkis,141619
2024-10-10 14:48:50,Move On!,Hikarinonakani,246972
2024-10-10 14:52:10,Dream,keshi,210070
2024-10-10 14:56:53,Understand,MELOH,160104
2024-10-10 14:59:26,Understand,MELOH,160104
2024-10-10 15:02:04,Understand,MELOH,160104
2024-10-10 15:04:42,Understand,MELOH,160104
2024-10-10 15:07:46,Understand,MELOH,160104
2024-10-10 15:10:24,Understand,MELOH,160104
2024-10-10 15:12:57,Understand,MELOH,160104
2024-10-10 15:15:35,Understand,MELOH,160104
2024-10-10 15:18:13,Settle 4 Less,CLAUDIA,156190
2024-10-10 15:20:45,Crazy,J.Tajor,154112
2024-10-10 15:23:18,YOU,Rangga Jones,140506
2024-10-10 15:25:34,i need you more (feat. Suyo),Sweet The Kid,184251
2024-10-10 15:28:38,Hikari,Hikarinonakani,284479
2024-10-10 15:33:44,Girl,Alexander 23,121226
2024-10-10 15:35:45,In Every Disaster,sunkis,97223
2024-10-10 15:37:19,CRUSH (with ASTN & Bren Joy),sunkis,199218
2024-10-10 15:58:51,summer,keshi,165213
2024-10-10 16:00:57,Summertime,Dru Chen,158117
2024-10-10 16:02:47,Soft Spot,keshi,204223
2024-10-10 16:06:38,if this ain't love,teo glacier,216315
2024-10-10 16:07:51,hero,starfall,184142
2024-10-10 16:10:55,like you said you would,Roman Kayz,180533
2024-10-10 16:12:14,Mean It,Lauv,232853
2024-10-10 16:16:05,I Never Loved You,Halsey,249530
2024-10-10 16:18:38,Ego,Halsey,198498
2024-10-10 16:20:59,Lonely is the Muse,Halsey,241579
2024-10-10 16:21:41,Lucky,Halsey,198546
2024-10-10 16:22:33,The End,Halsey,197062
2024-10-10 16:22:49,i loved you,Beauty School Dropout,116825
2024-10-10 16:26:34,i loved you,Beauty School Dropout,116825
2024-10-10 16:28:30,i loved you,Beauty School Dropout,116825
2024-10-10 16:30:25,i loved you,Beauty School Dropout,116825
2024-10-10 16:32:21,i loved you,Beauty School Dropout,116825
2024-10-10 16:33:34,up to me,LANY,167960
2024-10-10 16:36:17,Forgot About Us,Keenan Te,213674
2024-10-10 16:37:57,castle in the sky,eaJ,176101
2024-10-10 16:40:50,"tell me, will we survive?",PRYVT,194142
2024-10-10 16:42:09,drunk text,Henry Moodie,187263
2024-10-10 16:43:53,War,keshi,209031
2024-10-10 16:47:18,"I can't go home, anymore",PRYVT,152000
2024-10-10 16:49:50,Glimpse of Us,Joji,233456
2024-10-10 16:53:41,aftermath,vaultboy,166609
2024-10-10 16:55:31,Oceans & Engines,NIKI,336000
2024-10-10 16:55:36,Ghost Of You,5 Seconds of Summer,197411
2024-10-10 16:58:50,Night,keshi,179906
2024-10-10 17:05:25,mad,eaJ,177529
2024-10-10 17:07:58,Senses,MICO,159887
2024-10-10 17:12:52,Dancing With Your Ghost,Sasha Alex Sloan,197732
2024-10-10 17:16:06,Requiem,keshi,144526
2024-10-10 17:16:43,Miracle,RINI,234840
2024-10-10 17:18:28,Top Tier,sunkis,172356
2024-10-10 17:22:45,next door (feat. ASTN),Amelia Moore,208313
2024-10-10 17:26:10,Strawberry Blossom,RINI,220534
2024-10-10 17:29:45,Ride,HYBS,181622
2024-10-10 17:32:49,trust me,sunkis,168936
2024-10-10 17:35:32,Like I Do (with sunkis),J.Tajor,149714
2024-10-10 17:37:59,SABOTAGE,hyejin,150000
2024-10-10 17:43:56,keep smiling,demxntia,132000
2024-10-10 17:46:02,HITMYLINE,Concepcion,200661
2024-10-10 17:49:21,la trains,eaJ,80773
2024-10-10 17:50:40,VOICEMAIL,sunkis,153210
2024-10-10 17:53:12,take it slow,yedira,206048
2024-10-10 17:56:31,3 new words,lullaboy,174293
2024-10-10 18:00:22,ANGOSTURA,keshi,171019
2024-10-10 18:12:25,Soft Spot,keshi,204223
2024-10-10 18:15:45,if this ain't love,teo glacier,216315
2024-10-10 18:19:20,sweet,fcj,121250
2024-10-10 18:21:20,Like That,keshi,180106
2024-10-10 18:24:24,SABOTAGE,hyejin,150000
2024-10-10 18:25:01,next door (feat. ASTN),Amelia Moore,208313
2024-10-10 18:28:31,HITMYLINE,Concepcion,200661
2024-10-10 18:31:51,What About,Blaxian,214047
2024-10-10 18:35:26,INVITATION (Feat. Gaeko),JUNNY,191359
2024-10-10 18:38:40,Love on the Weekend,Aria Ohlsson,153253
2024-10-10 18:41:12,Dope Lovers,DPR IAN,200373
2024-10-10 18:44:31,Temporary Love,sunkis,196576
2024-10-10 18:47:51,playing tricks,thủy,184257
2024-10-10 18:50:55,111,thủy,174424
2024-10-10 18:53:01,Obvious,Jesse Barrera,185922
2024-10-10 18:53:06,Like I Do (with sunkis),J.Tajor,149714
2024-10-10 18:55:23,Multiply,WOODZ,182040
2024-10-10 18:58:27,Strawberry Blossom,RINI,220534
2024-10-10 19:02:08,Bubbly,Colbie Caillat,196280
2024-10-10 19:05:23,Baby Blue,Rocco,171164
2024-10-10 19:08:16,cheeze,Sarah Kang,158804
2024-10-10 19:10:54,trust me,sunkis,168936
2024-10-10 19:13:42,My Heart It Beats for You,grentperez,201233
2024-10-10 19:17:03,Never Be the Same,Camila Cabello,226973
2024-10-10 19:18:12,i know you know,CHSKA,264424
2024-10-10 19:19:46,3 new words,lullaboy,174293
2024-10-10 19:20:12,All That I Know,ZUHAIR,228923
2024-10-10 19:20:23,kiss me thru the phone,CLUB BOYBND,117480
2024-10-10 19:22:08,For No Reason,YAØ,195133
2024-10-10 19:25:12,The Worst Part,CLAUDIA,165833
2024-10-10 19:28:31,For No Reason,YAØ,195133
2024-10-10 19:31:46,daisy.,wave to earth,218500
2024-10-10 19:32:28,For No Reason,YAØ,195133
2024-10-10 19:35:36,daisy.,wave to earth,218500
2024-10-10 19:38:36,the cutest pair,Regina Song,158400
2024-10-10 19:40:48,For No Reason,YAØ,195133
2024-10-10 19:43:58,i know you know,CHSKA,264424
2024-10-10 19:48:16,3 new words,lullaboy,174293
2024-10-10 19:54:00,Maybe?,RADi,174152
2024-10-10 19:54:05,blue salvia,PRYVT,197538
2024-10-10 21:03:44,i need you more (feat. Suyo),Sweet The Kid,184251
2024-10-10 21:06:44,Constant,Jesse Barrera,190348
2024-10-10 21:09:54,Like That,keshi,180106
2024-10-10 21:12:49,Temporary Love,sunkis,196576
2024-10-10 21:16:04,For No Reason,YAØ,195133
2024-10-10 21:19:19,Strawberries and Wine,Jaylon Ashaun,139289
2024-10-10 21:21:36,chances,thủy,167312
2024-10-10 21:24:20,Never Be the Same,Camila Cabello,226973
2024-10-10 21:28:02,obsessed,thủy,185263
2024-10-10 21:31:07,dna,LANY,177382
2024-10-10 21:34:01,kiss me thru the phone,CLUB BOYBND,117480
2024-10-10 21:35:57,Cozy,Jeremy Zucker,165339
2024-10-10 21:38:36,universe,thủy,186627
2024-10-10 21:41:40,Let Me Know,Jimmy Brown,188666
2024-10-10 21:44:50,Hikari,Hikarinonakani,284479
2024-10-10 21:49:29,TOUCH,keshi,205346
2024-10-10 21:52:55,if this ain't love,teo glacier,216315
2024-10-10 21:56:26,Last Minute,Sam MacPherson,133253
2024-10-10 21:58:37,IT'S YOU (feat. keshi),MAX,173426
2024-10-10 22:01:27,美,KIRE,144000
2024-10-10 22:03:50,Strawberry Blossom,RINI,220534
2024-10-10 22:07:26,i need you more (feat. Suyo),Sweet The Kid,184251
2024-10-10 22:10:30,next door (feat. ASTN),Amelia Moore,208313
2024-10-10 22:13:56,The Worst Part,CLAUDIA,165833
2024-10-10 22:16:39,This Time,Jeff Bernat,185991
2024-10-10 22:19:38,Everyday Feels Like Sunday,Jesse Barrera,139930
2024-10-10 22:20:05,anything 4 u,LANY,194573
2024-10-10 22:23:15,Out of the Blue,RINI,197580
2024-10-10 22:26:30,Last First Kiss,One Direction,203546
2024-10-10 22:29:50,Bubbly,Colbie Caillat,196280
2024-10-10 22:29:55,My Favourite Muse,ZUHAIR,261388
2024-10-10 22:34:13,MIDDLE OF THE NIGHT,MONSTA X,166213
2024-10-10 22:36:57,close with desires (feat. thuy),teo glacier,205750
2024-10-10 22:40:18,summer,raph,132483
2024-10-10 22:42:29,Night,keshi,179906
2024-10-10 22:45:23,VOICEMAIL,sunkis,153210
2024-10-10 22:47:56,i like red,Charlene Su,122500
2024-10-10 22:49:57,Love on the Weekend,Aria Ohlsson,153253
2024-10-10 22:52:25,Call Me,Rangga Jones,172500
2024-10-10 22:55:19,Crazy,J.Tajor,154112
2024-10-10 22:57:47,trust me,sunkis,168936
2024-10-10 23:00:36,4ever,sunkis,163764
2024-10-10 23:03:14,Like I Do (with sunkis),J.Tajor,149714
2024-10-10 23:05:42,ANGOSTURA,keshi,171019
2024-10-10 23:08:31,No One,brb.,157333
2024-10-10 23:11:04,Move On!,Hikarinonakani,246972
2024-10-10 23:15:12,your love,brb.,155923
2024-10-10 23:17:45,here,Emily Vaughn,119000
2024-10-10 23:19:41,Understand,MELOH,160104
2024-10-10 23:22:19,Sweatshirt,Patrick Hizon,165980
2024-10-10 23:25:03,happy endings do exist,PRYVT,197100
2024-10-10 23:28:13,That's What I Like,Bruno Mars,206693
2024-10-10 23:31:40,"Love, Again",CLAUDIA,167500
2024-10-10 23:34:23,She's Not Afraid,One Direction,190560
2024-10-10 23:37:33,Chemistry,Rangga Jones,150000
2024-10-10 23:40:00,In Every Disaster,sunkis,97223
2024-10-10 23:41:35,take it slow,yedira,206048
2024-10-10 23:44:55,Obvious,Jesse Barrera,185922
2024-10-10 23:48:00,SABOTAGE,hyejin,150000
2024-10-10 23:50:27,Top Tier,sunkis,172356
2024-10-10 23:53:16,Stay A While,niko rain,168571
2024-10-10 23:56:04,3D (feat. Jack Harlow),Jung Kook,201812
2024-10-10 23:56:31,wyd?,Larissa Lambert,180961
2024-10-10 23:56:36,24K Magic,Bruno Mars,225983
2024-10-11 00:00:19,Forget About You (Intimate),Devin Kennedy,100739
2024-10-11 00:01:54,Seven (feat. Latto) (Explicit Ver.),Jung Kook,183550
2024-10-11 00:04:54,Clues,Ashley Alisha,195341
2024-10-11 00:08:08,HITMYLINE,Concepcion,200661
2024-10-11 00:11:24,May I Ask,Luke Chiang,230592
2024-10-11 00:15:15,Settle 4 Less,CLAUDIA,156190
2024-10-11 00:17:48,i know you know,CHSKA,264424
2024-10-11 00:22:12,Comin' Through,Hojean,130000
2024-10-11 00:24:18,Together,Joseph Tilley,149549
2024-10-11 00:26:46,Tip Toe,HYBS,224725
2024-10-11 00:30:27,Moments,Micah Edwards,292624
2024-10-11 00:35:17,CRUSH (with ASTN & Bren Joy),sunkis,199218
2024-10-11 00:38:32,next door (feat. ASTN),Amelia Moore,208313
2024-10-11 00:41:58,Fallin' For You,Colbie Caillat,215546
2024-10-11 00:45:29,Slowly,CLAUDIA,184054
2024-10-11 00:48:33,Poetry,Devin Kennedy,144750
2024-10-11 00:50:55,madly,Emily Vaughn,100363
2024-10-11 00:52:30,blue salvia,PRYVT,197538
2024-10-11 00:55:44,They Don't Know About Us,One Direction,200400
2024-10-11 00:59:05,Youuu,Milky Day,166000
2024-10-11 01:01:38,Just the Way You Are,Bruno Mars,220734
2024-10-11 01:05:15,All That I Know,ZUHAIR,228923
2024-10-11 01:09:02,cheeze,Sarah Kang,158804
2024-10-11 01:11:40,Toast,CLAUDIA,154105
2024-10-11 01:14:13,For No Reason,YAØ,195133
2024-10-11 01:17:22,Out of the Blue,RINI,197580
2024-10-11 01:20:37,cool with it,brb.,231627
2024-10-11 01:24:29,trust (feat. RINI),thủy,197557
2024-10-11 01:27:43,if it's not you,PRYVT,226350
2024-10-11 01:31:25,LAST GOODBYE,sunkis,148000
2024-10-11 01:33:52,Like That,keshi,180106
2024-10-11 01:36:46,NVMD,Denise Julia,181224
2024-10-11 01:39:45,All For You,sunkis,141619
2024-10-11 01:40:01,summer,keshi,165213
2024-10-11 01:42:38,Last First Kiss,One Direction,203546
2024-10-11 01:45:59,What About,Blaxian,214047
2024-10-11 01:46:10,INVITATION (Feat. Gaeko),JUNNY,191359
2024-10-11 01:46:15,Love,Keyshia Cole,255333
2024-10-11 01:50:23,playing tricks,thủy,184257
2024-10-11 01:53:27,Ai Đưa Em Về,TIA,233249
2024-10-11 01:57:19,Cà Phê,MIN,190526
2024-10-11 02:00:23,camellia,slchld,151211
2024-10-11 02:02:51,sweat,Haiden Henderson,144143
2024-10-11 02:03:01,Soft Spot,keshi,204223
2024-10-11 02:06:21,Versace on the Floor,Bruno Mars,261240
2024-10-11 02:10:40,Angel 2 Me,McKay,210163
2024-10-11 02:11:17,MIDDLE OF THE NIGHT,MONSTA X,166213
2024-10-11 02:23:58,For No Reason,YAØ,195133
2024-10-11 02:26:36,keep smiling,demxntia,132000
2024-10-11 02:28:47,the cutest pair,Regina Song,158400
2024-10-11 02:31:09,i need you more (feat. Suyo),Sweet The Kid,184251
2024-10-11 02:34:08,3 new words,lullaboy,174293
2024-10-11 02:35:48,War,keshi,209031
2024-10-11 02:39:13,drunk text,Henry Moodie,187263
2024-10-11 02:42:17,Glimpse of Us,Joji,233456
2024-10-11 03:34:35,i need you more (feat. Suyo),Sweet The Kid,184251
2024-10-11 03:37:39,Senses,MICO,159887
2024-10-11 03:40:22,Silverado For Sale,Morgan Wallen,224920
2024-10-11 03:44:07,dna,LANY,177382
2024-10-11 03:47:05,Id,keshi,197219
2024-10-11 03:50:15,Id,keshi,197219
2024-10-11 03:51:33,Be So Cruel,ASTN,132691
2024-10-11 03:53:50,10 Freaky Girls (with 21 Savage),Metro Boomin,208293
2024-10-11 03:57:15,War,keshi,209031
2024-10-11 04:00:45,All Falls Down,William Black,198400
2024-10-11 04:04:05,Soft Spot,keshi,204223
2024-10-11 04:07:30,hero,starfall,184142
2024-10-11 04:10:33,HITMYLINE,Concepcion,200661
2024-10-11 04:13:58,next door (feat. ASTN),Amelia Moore,208313
2024-10-11 04:17:22,Night,keshi,179906
2024-10-11 04:20:25,Black Ice,Subtronics,260001
2024-10-11 04:24:47,Like That,keshi,180106
2024-10-11 04:27:46,fingers crossed,elijah woods,163090
2024-10-11 04:30:28,All For You,sunkis,141619
2024-10-11 04:32:50,Fallin' For You,Colbie Caillat,215546
2024-10-11 04:36:30,Dried Flowers(English ver.),Yuuri,285680
2024-10-11 04:41:13,Move On!,Hikarinonakani,246972
2024-10-11 04:45:19,Like I Do (with sunkis),J.Tajor,149714
2024-10-11 04:47:51,ANGOSTURA,keshi,171019
2024-10-11 04:50:45,close with desires (feat. thuy),teo glacier,205750
2024-10-11 04:54:09,Strawberry Blossom,RINI,220534
2024-10-11 04:57:49,Idontwannaknowyou!,MICO,160879
2024-10-11 05:00:31,One Thing At A Time,Morgan Wallen,206864
2024-10-11 05:04:01,CRUSH (with ASTN & Bren Joy),sunkis,199218
2024-10-11 05:07:20,Chasin' You,Morgan Wallen,205453
2024-10-11 05:10:45,i loved you,Beauty School Dropout,116825
2024-10-11 05:12:41,Last First Kiss,One Direction,203546
2024-10-11 05:16:05,Miss You,AJ Mitchell,168770
2024-10-11 05:18:53,Top Tier,sunkis,172356
2024-10-11 05:21:46,LAST GOODBYE,sunkis,148000
2024-10-11 05:24:18,Slowly,CLAUDIA,184054
2024-10-11 05:27:21,WITHOUT YOU,The Kid LAROI,161384
2024-10-11 05:30:04,NVMD,Denise Julia,181224
2024-10-11 05:33:07,Temporary Love,sunkis,196576
2024-10-11 05:36:21,Requiem,keshi,144526
2024-10-11 05:38:47,I Like It,Stray Kids,148632
2024-10-11 05:41:14,Seven (feat. Latto) (Explicit Ver.),Jung Kook,183550
2024-10-11 05:44:23,kiss me thru the phone,CLUB BOYBND,117480
2024-10-11 05:46:18,4ever,sunkis,163764
2024-10-11 05:49:00,castle in the sky,eaJ,176101
2024-10-11 05:51:58,sweat,Haiden Henderson,144143
2024-10-11 05:54:25,Pure Water (with Migos),Mustard,192470
2024-10-11 05:57:38,3D (feat. Jack Harlow),Jung Kook,201812
2024-10-11 06:00:58,mad,eaJ,177529
2024-10-11 06:03:56,Whiskey Glasses,Morgan Wallen,234346
2024-10-11 13:43:01,LAST GOODBYE,sunkis,148000
2024-10-11 13:45:28,Slowly,CLAUDIA,184054
2024-10-11 13:48:32,WITHOUT YOU,The Kid LAROI,161384
2024-10-11 13:51:49,Requiem,keshi,144526
2024-10-11 13:52:53,Worlds Away,Dabin,250400
2024-10-11 13:57:01,Merry Go,DPR IAN,190426
2024-10-11 14:00:10,24K Magic,Bruno Mars,225983
2024-10-11 14:03:53,7 Summers,Morgan Wallen,210506
2024-10-11 14:31:55,Good Things Fall Apart vs. Sad Songs (With Said The Sky feat. Annika Wells),ILLENIUM,366252
2024-10-11 14:37:59,Afraid,DAY6,212878
2024-10-11 14:41:36,Love Ain't Changin (ETERNALDUALS Remix),GhostDragon,207000
2024-10-11 14:44:08,Skyline,Khalid,182895
2024-10-11 14:46:36,Smells Like Me,Charlie Puth,204079
2024-10-11 14:49:57,Faith,NURKO,250671
2024-10-11 14:50:08,WARNING!,DAY6,205528
2024-10-11 14:50:13,Smokin Out The Window,Bruno Mars,197442
2024-10-11 14:50:19,dna,LANY,177382
2024-10-11 14:52:52,I Like It,Stray Kids,148632
2024-10-11 14:53:55,Mean It,Lauv,232853
2024-10-11 14:54:21,Grenade,Bruno Mars,222091
2024-10-11 14:57:58,Die With A Smile,Lady Gaga,251667
2024-10-11 15:02:04,Good Parts,Justin Caruso,182903
2024-10-11 15:07:56,Dried Flowers(English ver.),Yuuri,285680
2024-10-11 16:51:52,The Simple Things,Michael Carreon,263633
2024-10-11 16:56:36,Let Me Let You Go,ONE OK ROCK,180211
2024-10-11 19:16:26,10 Things I Hate About You,Leah Kate,157138
2024-10-11 19:18:59,Winterfall,DPR IAN,216360
2024-10-11 19:22:36,Cry Out,ONE OK ROCK,227933
2024-10-11 19:26:18,Cà Phê,MIN,190526
2024-10-11 19:29:22,i loved you,Beauty School Dropout,116825
2024-10-11 19:31:13,After You (feat. Calle Lehmann),Gryffin,224569
2024-10-11 19:34:35,"Me, Myself & I",5 Seconds of Summer,177879
2024-10-11 19:37:23,Lovers On The Moon,AJ Mitchell,178685
2024-10-11 19:38:00,i need you more (feat. Suyo),Sweet The Kid,184251
2024-10-11 19:41:26,Attention,Charlie Puth,208786
2024-10-11 19:42:09,When I'm With U,Tritonal,256551
2024-10-11 19:42:14,ONLY,LeeHi,240906
2024-10-11 21:50:06,Easier - Live From The Vault,5 Seconds of Summer,206927
2024-10-11 21:51:04,ANGOSTURA,keshi,171019
2024-10-11 21:53:52,Silverado For Sale,Morgan Wallen,224920
2024-10-11 21:57:38,You,Regard,233386
2024-10-11 22:01:15,Like I Do,J.Tajor,149142
2024-10-11 22:03:37,A-frame,Jeremy Zucker,216666
2024-10-11 22:04:46,DNA.,Kendrick Lamar,185946
2024-10-11 22:07:55,Eternity (feat. Dayce Williams),NURKO,229694
2024-10-11 22:09:35,Calico,DPR IAN,222520
2024-10-11 22:13:10,Stuck with U (with Justin Bieber),Ariana Grande,228482
2024-10-11 22:15:44,castle in the sky,eaJ,176101
2024-10-11 22:18:37,2 soon,keshi,206511
2024-10-11 22:22:03,Starbright,Dabin,243027
2024-10-11 22:26:25,Memories,ONE OK ROCK,200120
2024-10-11 22:26:30,close with desires (feat. thuy),teo glacier,205750
2024-10-11 22:30:11,LIMBO,keshi,212784
2024-10-11 22:32:17,Erase You,Excision,224000
2024-10-11 22:33:52,TOUCH,keshi,205346
2024-10-11 22:36:03,Ballroom Extravaganza,DPR IAN,189946
2024-10-11 22:37:01,Mayflowers,Boy In Space,159530
2024-10-11 22:39:12,How Can I Say,DAY6,201848
2024-10-11 22:39:17,Time of Our Life,DAY6,205575
2024-10-11 22:39:44,B.Y.S.,keshi,165154
2024-10-11 22:39:49,Good Things Fall Apart (with Jon Bellion),ILLENIUM,216668
2024-10-11 22:42:48,Cheese & Wine,DPR LIVE,193974
2024-10-11 22:42:53,Angel Baby,Troye Sivan,220779
2024-10-11 22:46:28,Summer Tights,DPR LIVE,214813
2024-10-11 22:49:01,Love Talk - English Version,WayV,232150
2024-10-11 22:49:43,Phases,PRETTYMUCH,215759
2024-10-11 22:50:40,Ric Flair Drip (with Metro Boomin),Offset,172800
2024-10-11 22:53:08,Last First Kiss,One Direction,203546
2024-10-11 22:54:32,Why Don't We Go There,One Direction,174360
2024-10-11 22:57:20,Lie To Me - Acoustic,5 Seconds of Summer,155476
2024-10-11 22:59:58,Mood,DPR IAN,182480
2024-10-11 23:06:38,Pure Water (with Migos),Mustard,192470
2024-10-11 23:09:52,golden hour - Ruel Remix,JVKE,209021
2024-10-11 16:17:27,Whiskey Glasses,Morgan Wallen,234346
2024-10-11 16:21:17,Temporary Love,Keenan Te,163333
2024-10-11 16:24:01,i need you more (feat. Suyo),Sweet The Kid,184251
2024-10-11 16:27:06,Senses,MICO,159887
2024-10-11 16:29:45,Silverado For Sale,Morgan Wallen,224920
2024-10-11 16:33:31,dna,LANY,177382
2024-10-11 16:36:31,Id,keshi,197219
2024-10-11 16:39:46,Be So Cruel,ASTN,132691
2024-10-11 16:41:59,10 Freaky Girls (with 21 Savage),Metro Boomin,208293
2024-10-11 16:45:30,War,keshi,209031
2024-10-11 16:49:01,All Falls Down,William Black,198400
2024-10-11 16:52:16,Soft Spot,keshi,204223
2024-10-11 16:55:41,hero,starfall,184142
2024-10-11 16:58:46,HITMYLINE,Concepcion,200661
2024-10-11 17:02:06,next door (feat. ASTN),Amelia Moore,208313
2024-10-11 17:05:37,Night,keshi,179906
2024-10-11 17:08:37,Black Ice,Subtronics,260001
2024-10-11 17:12:58,Like That,keshi,180106
2024-10-11 17:15:58,fingers crossed,elijah woods,163090
2024-10-11 17:18:43,All For You,sunkis,141619
2024-10-11 17:21:07,Fallin' For You,Colbie Caillat,215546
2024-10-11 17:24:43,Dried Flowers(English ver.),Yuuri,285680
2024-10-11 17:29:28,Move On!,Hikarinonakani,246972
2024-10-11 17:33:35,Like I Do (with sunkis),J.Tajor,149714
2024-10-11 17:36:03,ANGOSTURA,keshi,171019
2024-10-11 17:38:58,close with desires (feat. thuy),teo glacier,205750
2024-10-11 17:42:23,Strawberry Blossom,RINI,220534
2024-10-11 17:46:04,Idontwannaknowyou!,MICO,160879
2024-10-11 17:48:44,One Thing At A Time,Morgan Wallen,206864
2024-10-11 17:51:59,CRUSH (with ASTN & Bren Joy),sunkis,199218
2024-10-11 17:55:19,Chasin' You,Morgan Wallen,205453
2024-10-11 17:58:45,i loved you,Beauty School Dropout,116825
2024-10-11 18:00:43,Last First Kiss,One Direction,203546
2024-10-11 18:04:08,Miss You,AJ Mitchell,168770
2024-10-11 18:06:58,Top Tier,sunkis,172356
2024-10-11 18:09:47,LAST GOODBYE,sunkis,148000
2024-10-11 18:31:13,Seven (feat. Latto) (Explicit Ver.),Jung Kook,23780
2024-10-11 18:31:38,kiss me thru the phone,CLUB BOYBND,24581
2024-10-11 18:34:53,castle in the sky,eaJ,37616
2024-10-11 18:35:28,sweat,Haiden Henderson,31678
2024-10-11 18:38:38,Pure Water (with Migos),Mustard,188313
2024-10-11 18:42:03,3D (feat. Jack Harlow),Jung Kook,200496
2024-10-11 18:44:58,mad,eaJ,172696
2024-10-11 18:48:54,Whiskey Glasses,Morgan Wallen,230926
2024-10-11 18:51:38,Temporary Love,Keenan Te,160416
2024-10-11 18:54:43,i need you more (feat. Suyo),Sweet The Kid,181533
2024-10-11 18:57:22,Senses,MICO,156060
2024-10-11 19:01:08,Silverado For Sale,Morgan Wallen,221708
2024-10-11 19:04:08,dna,LANY,176230
2024-10-11 19:07:23,Id,keshi,193465
